id;nom;prenom;email;mot_de_passe
1;broum;que que;Guyot63@yahoo.fr;tant
2;à l'instar de;sans que commis tout à fait;Gilles_Marchand@gmail.com;blême
3;dès que décrire;calme hier honorer;Marceline29@yahoo.fr;de peur que de sorte que
4;multiple de manière à à seule fin de;entre marron;Maxellende59@gmail.com;super bientôt
5;dring areu areu;demain bè peu;Pascale_Fournier64@gmail.com;dynamique
6;impromptu alors cot cot;rectangulaire main-d’œuvre rocher;Palemon34@hotmail.fr;hé à condition que
7;dans la mesure où sans que étant donné que;tsoin-tsoin nettoyer;Marguerite.Michel17@yahoo.fr;afin que administration du fait que
8;souple hormis de sorte que;guide oups de manière à ce que;Alberic_Barre@yahoo.fr;peut-être
9;de sorte que;si toc-toc bien;Aphelie_Vasseur@hotmail.fr;oh à même clientèle
10;divinement via;vu que rédaction;Celestine_Aubry41@gmail.com;pendant sauf encore
